hotel_name,latitude,longitude,url
日立大飯店,23.5664184,119.564597,https://maps.googleapis.com/maps/api/place/photo?maxwidth=800&photoreference=Aaw_FcIi2yJKw1sZ-1GKI0A6p3T4xK-RRJsR646h2LCmoLUYrcmnMp14_1BNWqMkB-U3QiiYWna-8shleu4oLcpAhi6fdJCJOFMb85DA7agdKbfICEShHK8I33qaCwRwoQnHca041SG1u2umsaUCWHmUEjedS3jPo65uss6lJ9sQMSqhw838&key=AIzaSyCa5Ww5XHTu4cJCSSfZaxf1GGUTHyyYIx0
"平湖窩行旅 PH Hostel-旅館本身沒放房源給Agoda,請勿從Agoda下單",23.5667626,119.5670712,https://maps.googleapis.com/maps/api/place/photo?maxwidth=800&photoreference=Aaw_FcJKCK1wqOraMhnejAO2hP9j4RgbX0MShGXz8Kz1EicphTwnu8Yo7xRcGTcSTJZD3e_HqVv7Sb5dNIRclcE3dTCaY5xSKnLeeRJd5xWVPWkP6EPEsKnV237gnMtmDgqKLMiRGYuaQ3mv9FBrWlehFikF2ID1A4qKrpzWfxkDKWJG-Bct&key=AIzaSyCa5Ww5XHTu4cJCSSfZaxf1GGUTHyyYIx0
澎湖灣行旅,23.5634679,119.5599525,https://maps.googleapis.com/maps/api/place/photo?maxwidth=800&photoreference=Aaw_FcJBOOBX6Tx5tis89mt2UaO56lRtcZTXQUGRarrmtqExWdPgOa_tWzIEQL-xcxUrZ3jjGV-xBPGpQpKCYCQgYaQwu-JaWD6ALE6EE3IsXZk8TFxvqIk-MN_vbDMayu1MG-ZlntVpHMoHd1szQo2UrNeG-2aAGI07A8FRwGKaCAA2O2YC&key=AIzaSyCa5Ww5XHTu4cJCSSfZaxf1GGUTHyyYIx0
慶霖飯店,23.5656116,119.5655026,https://maps.googleapis.com/maps/api/place/photo?maxwidth=800&photoreference=Aaw_FcLwTeC_dYI8VEmvj617GTe-vKpXkY7uIPH1NfBuoWAo4Slg_kRiZH0C7oqHEUGElggvW_ZMiyMjZ7Goaa__tsL9o64NmGUNuFPfGNZOfzq2j970MqfFfLx5Mgh4xvHgbujxLafIm9wVt8mYJo48tzo9elkFcn5psBCCr0GGU7tjYFd3&key=AIzaSyCa5Ww5XHTu4cJCSSfZaxf1GGUTHyyYIx0
起點旅行民宿 D.C. Inn はじまりのゲストハウス,23.5683147,119.5675467,https://maps.googleapis.com/maps/api/place/photo?maxwidth=800&photoreference=Aaw_FcJqg7RIJ6G0LEprFLFU6fd_4kz-P0HkFQ9jNCoIZHv3o-yASE3B1JNx8cLXp3Vy_ZH-Q-gL6ftZXlQ8_5pDR-7sWtZmzU15GmVCzy_BULa0Nvc-mtvCXfBYwn7q8L7Iu0Qb2fY-983Y051thDZDNkkLd9j5hwD8Fd6nKylTCNt43FfV&key=AIzaSyCa5Ww5XHTu4cJCSSfZaxf1GGUTHyyYIx0
安一海景大飯店,23.5735873,119.5679894,https://maps.googleapis.com/maps/api/place/photo?maxwidth=800&photoreference=Aaw_FcIYFh4DdW2x_gCakwwtFuW3IJWF6gHP2huhOJmPok-xtEH1W-_8cb1G_BOtfMY3MRf9uj0hBPs9MljdNjrJrDhlUh2uZCiM0-0HQo5O7QHH97tz0qM8O3zcigaethFIx4Z6y1j8R2bR8nToiud3LWpi70_83qapudM2MB9I_HA6wbbE&key=AIzaSyCa5Ww5XHTu4cJCSSfZaxf1GGUTHyyYIx0
勝國大飯店,23.5697712,119.5709627,https://maps.googleapis.com/maps/api/place/photo?maxwidth=800&photoreference=Aaw_FcIjSHHOduj-9IU2uW9UyYl_WswFeITq53tKkbBdxGITn1DdWLHRbi_g837CZWcUzyuZi0xeGhyE1Q8OcexQHBuiAqRtbdJuGY02mfEDAq_BBONHeBt2MfE_SVreUnpbStQLlmTovS7r2QNP5wfQEaYGHBtjT9q9XiDkhY9NnqQ1hrow&key=AIzaSyCa5Ww5XHTu4cJCSSfZaxf1GGUTHyyYIx0
旅行者背包客棧,23.579338,119.5759277,https://maps.googleapis.com/maps/api/place/photo?maxwidth=800&photoreference=Aaw_FcLJyDPzOoR9rRPHemUwWp1q07g6tkx_9rAUx3apQLhJ-C5Dp27-wNh8u_qEv0m-OSmnOx7xWS_lQGJOtTdHSPEyiDjQ3uPXFCX4nAcL6FxxMyFaB4he5k3w3mGtoDuOmYMSPXNnlf5N89bGIee4whWs_pLCGg9TvsQI8WFPXArdHYAk&key=AIzaSyCa5Ww5XHTu4cJCSSfZaxf1GGUTHyyYIx0
好美背包客 Nice Hostel,23.56490549999999,119.5665374,https://maps.googleapis.com/maps/api/place/photo?maxwidth=800&photoreference=Aaw_FcICiEqRNpVXjifeKJxm1hjqIYbdE8BfN8ly0915fyxqfkc-9KXbqbCI2m2ek-4yF_zSCFGWR_DZvCrJHIwBtWEudSg5BU1iIyYtjqBCs-6A_HtuqzpBv0bggjsqGR863G3w3w5AQnZMe8P_r8GinFmTLbhMpTNVs8VH634iCFRWJoKi&key=AIzaSyCa5Ww5XHTu4cJCSSfZaxf1GGUTHyyYIx0
松鶴雅緻商務旅館,23.5687411,119.5758779,https://maps.googleapis.com/maps/api/place/photo?maxwidth=800&photoreference=Aaw_FcLvmElwtxqWQxcFYXiP4BekfIix2VBl4GQApEi1wt9RDcj-w7tow1t3AcvmrJP8waQWfNx1MFXHgVN9JXwSL5O3Gb2DTdQUlmDoE8Ws5wmKzB19WJIRbXeU4J5y-Ccw1u5Y5bbqHuT6nVvOu7-6TJtF429wCBjmPWTqK0Ly3eH1wUFP&key=AIzaSyCa5Ww5XHTu4cJCSSfZaxf1GGUTHyyYIx0
家翔琳觀海民宿-馬公【海景第一排｜澎湖住宿｜提供接送服務｜推薦早餐】,23.5732912,119.5669921,https://maps.googleapis.com/maps/api/place/photo?maxwidth=800&photoreference=Aaw_FcJGMGSWTAkUVorwGBeveO43v_5caI3ctm7VR6aVMMWnQ_WliBulaeATHHeiK8aV2ZympJU37vz4g_LRSMSzPog_s98bsGi9ZOEKbdo8NAyR1lVpv9tHE-mUvRo7r7yhmLH4Y0lYcdLcEsz6zWwjvbwFWVK14tXpjd9UGrNnZY39MnoN&key=AIzaSyCa5Ww5XHTu4cJCSSfZaxf1GGUTHyyYIx0
彩虹文旅,23.56751329999999,119.5644661,https://maps.googleapis.com/maps/api/place/photo?maxwidth=800&photoreference=Aaw_FcKDpswIesOE91sEyduBODlwCeW_nE8XkJZrvpNB3tUzMMVQZyFsB6mlTWi1SJUkxPHEaksnJCsgMX-5Zjnh6fD9d0pEBo_ojdL2x4JlpB8Khqc47Ot8qtlWl552bPVq0Qn94gjxlMx72mZbzLPq_uAybs7UiEl7N3iPNApLohrdvirF&key=AIzaSyCa5Ww5XHTu4cJCSSfZaxf1GGUTHyyYIx0
在水一方 Memory In Water B&B,23.5833263,119.5782318,https://maps.googleapis.com/maps/api/place/photo?maxwidth=800&photoreference=Aaw_FcKZP1jJStcFMYRc2sSQC5vdPXbYpm5yXKK4G7bq94Ux6pdXpRLk_-KQxndsmg65FjteIjy1tTykVFa7l4BaUmPKY7peAKPTaH477PbXkACqNqrBryKFfmt2858T39zb54ti66XBuJNwtqy47j3uSPczMWtd2v8VG1b4fr09VKwT5R3d&key=AIzaSyCa5Ww5XHTu4cJCSSfZaxf1GGUTHyyYIx0
海洋渡假村,23.5643921,119.5685806,https://maps.googleapis.com/maps/api/place/photo?maxwidth=800&photoreference=Aaw_FcLirymEnd1uKC7A4sul-jlDEzWYeQUVg6IPfR913koU5z2Pasp29DCEwT7uw5BvA2O9DiAnfexA4GuR52IUHlNYZsxcMEYkR-JBnFHp50JJ4TcCzRbPP4yinkFz68PApTNjtvTQUVG2RYaqi4RBITstG9tvB0y9T_uVT44EnX6OKxn5&key=AIzaSyCa5Ww5XHTu4cJCSSfZaxf1GGUTHyyYIx0
澎湖福朋喜來登酒店,23.5678395,119.575786,https://maps.googleapis.com/maps/api/place/photo?maxwidth=800&photoreference=Aaw_FcIz5pxUSoTLswz7UlZzzvIIBPnolrJ6mMWKPrI_VFpcnhpJoj0kUYh548ixBMhvrqEa4QpTkLjKfKu3kxLpRaJebLy5owQlYBWAxbDhGurJHUugOPRHduwoCEibu3HOW636iuNr6n9SuvPynD4gRwrAv9qfjBcf7qwL4L8Lkf8iZmrI&key=AIzaSyCa5Ww5XHTu4cJCSSfZaxf1GGUTHyyYIx0
踏浪觀海美宿民宿,23.5770166,119.5692246,https://maps.googleapis.com/maps/api/place/photo?maxwidth=800&photoreference=Aaw_FcIqkccJ6GGXb-vrXpY0ZjvuFS771tU1NSiHv9bqANzAap2TbyNsCOaBXypbLyS5nkxjfwiXBREFGz_gcILdXLzxmvcNwkHNm182Fdw1_62UMNKt6DhggmOmWyFjvhbkD18krBzIDDs9WpS0spFlPeyCT-zPazG7mfWTBvru0s2c4JFV&key=AIzaSyCa5Ww5XHTu4cJCSSfZaxf1GGUTHyyYIx0
棉花雲文旅民宿-Cotton Cloud B&B,23.5763457,119.5708823,https://maps.googleapis.com/maps/api/place/photo?maxwidth=800&photoreference=Aaw_FcI2Le6YXgE8QKN2mZGK4Qcq7yo13EHpG6sQOwq89blTpDK9ZhwZCkEsYn9B3Z7J2LNIIlfsssW0_jAbZ5WgKJtlXimtRzpSKpkuECqDb-aMim1JFl90cFeqgqlEdhAxtHU3AeRRljqRgOIQiIIMDEQrg3iC3kIlAMcWHKcMn_sdqQ4B&key=AIzaSyCa5Ww5XHTu4cJCSSfZaxf1GGUTHyyYIx0
馥園民宿,23.56705539999999,119.5848406,https://maps.googleapis.com/maps/api/place/photo?maxwidth=800&photoreference=Aaw_FcJoqbPhxnN5JLMFjb6gxNRdblqHbLVRkfqrd6my3-HkJO5-e7eotOci4UUsNYrSdU7adKWC6qAQH5OmXMgLDV2jc1WBlcpbsR1-k30yUXKTNtN9eKGmzKuSPbRZEeWYqhArjKED1F1jMAlpITMBXoQ060iTY5guBk3STkJ7N-nxyFdQ&key=AIzaSyCa5Ww5XHTu4cJCSSfZaxf1GGUTHyyYIx0
澎湖和田大飯店,23.5636561,119.5670927,https://maps.googleapis.com/maps/api/place/photo?maxwidth=800&photoreference=Aaw_FcIPX36jQLeonmSnUdxfb9m86pR-opuQbVM2LGeBB8t-MyHAJZUg539h0eiJWBIrb8gmfz4pzKb4Hdc-9-TBQ0Kt6Doz3qwR6-1e1LGW93kQN995w0WyfCmgkCgQraU47USZUuQSF7BBnFw7IMfGrCdRgnqw517gvY5hFJtKpwDafOWs&key=AIzaSyCa5Ww5XHTu4cJCSSfZaxf1GGUTHyyYIx0
和興大飯店(小島遊),23.5723112,119.571221,https://maps.googleapis.com/maps/api/place/photo?maxwidth=800&photoreference=Aaw_FcJ0NRH5waWtMNLQwPUcv4lDWIGfeO3b55qo3x5Y29IH5-v7lYIPCtt-PmIKIme4vFAzwr_gv8a6lLBhe8s84A618F3KyQGYbn44Jw3iQcPYEl3uYI8PtH_2FsfWO93WdSPZcet6qp3iMwz-sNmHesDj5mxr73daqLcgks6jcqRcEpE7&key=AIzaSyCa5Ww5XHTu4cJCSSfZaxf1GGUTHyyYIx0
