id,html,imgur,map
吳記沙拉船&好記蔬食鹽水雞,https://www.facebook.com/profile.php?id=100063913625979,https://imgur.com/FLJSydY,https://goo.gl/maps/Guejn1e2qUHrPeq77
岩田丼屋歡迎您！,https://taiwan.sharelife.tw/article_aid-18266.html,https://imgur.com/LWZhS0J,https://goo.gl/maps/Niw3Zei8yRxq6Lr76
澎福食品行,https://mimicat1531.pixnet.net/blog/post/43258597,https://imgur.com/mGcpYZf,https://goo.gl/maps/tXwDHXsNUbvcXuhz9
文化路蔥油餅,https://www.facebook.com/Nb168168/,https://imgur.com/IIP6g5N,https://goo.gl/maps/HuhkwDgtqsWrXKwJ8
獨領風騷,https://lionfun.tw/blog/post/532708711-%E6%BE%8E%E6%B9%96%E7%87%92%E7%83%A4%EF%BD%9C%E7%8D%A8%E9%A0%98%E7%98%8B%E7%87%92%E9%A6%AC%E5%85%AC%E5%BA%97%E3%80%82%E4%BE%86%E8%87%AA%E5%8F%B0%E5%8D%97%E7%9A%84%E4%BA%BA%E6%B0%A3,https://imgur.com/XdEhSXx,https://goo.gl/maps/9e4CNSQMU2CBSeFu9
天津蔥抓餅,https://mimicat1531.pixnet.net/blog/post/45953849,https://imgur.com/Hp5meof,https://goo.gl/maps/yvurwxa4fptu9GgR8
夏天茶飲,https://cherish818029.pixnet.net/blog/post/331148411-%5B%E6%BE%8E%E6%B9%96%E9%A3%B2%E6%96%99%5D-%E5%A4%8F%E5%A4%A9%E8%8C%B6%E9%A3%B2-%E6%BE%8E%E6%B9%96%E5%9C%A8%E5%9C%B0%E9%A3%B2%E6%96%99%E5%BA%97-%E6%BE%8E%E6%B9%96%E9%A3%B2,https://imgur.com/ZGRnYzp,https://g.page/Summer_HandMade?share
外婆麵猴,https://supertaste.tvbs.com.tw/infocard/22037,https://imgur.com/gp0AHzp,https://g.page/waipo_gnocchi?share
葉子的店,https://www.facebook.com/%E8%91%89%E5%AD%90%E7%9A%84%E5%BA%97-102391298808353/,https://imgur.com/2gJv1Fr,https://goo.gl/maps/Uvx3qTFhLdwXNTKY9
劉正港檸檬汁-中華店,https://www.facebook.com/lemonJHD,https://imgur.com/fEkTGXW,https://goo.gl/maps/QmSEgJAKcg8T2G8B6
北海道海產專賣店,https://travel.penghu.gov.tw/penghu/index.php?action=product_detail&prod_no=P0000100000480,https://imgur.com/LSuEQqP,https://g.page/Penghuseafood?share
澎湖水仙宮,https://penghutravel.com/TravelInformationSceneryDetailC000000.aspx?Cond=a3bfcadc-9d72-4721-be18-0305662e4d81&SortType=1&SearchAdvanced=False&Language=1028,https://imgur.com/PRKeUQV,https://goo.gl/maps/ewX5rM6BE47wx65m7
雨軒冰茶,https://m.facebook.com/%E9%9B%A8%E8%BB%92%E5%86%B0%E8%8C%B6-108967324803455/?ref=py_c&__nodl&_rdr,https://imgur.com/OvJk2ln,https://goo.gl/maps/PFydwykvCNUoEjNA6
漁夫才哥企業社,https://www.facebook.com/Fishermanbrother,https://imgur.com/igdGVqY,https://goo.gl/maps/L8Cf2KesJ4fQVJWN8
振發食品行,https://penghutravel.com/TravelInformationSceneryDetailC000000.aspx?Cond=8283f795-35f9-4478-8c8c-3576ed27b0e0&SortType=1&SearchAdvanced=False&Language=1028,https://imgur.com/IKSwxKL,https://goo.gl/maps/g11YYcSd1NVFLdw7A
蔬脆蛋餅,https://travel.ettoday.net/article/1279114.htm,https://imgur.com/i1oCvFo,https://goo.gl/maps/9YKasLAmTvB7o2DR8
旭西餅舖,https://imgur.com/Swr5K9P,https://imgur.com/Swr5K9P,https://goo.gl/maps/WG11xVDkVqQD2o7m7
新臺澎海產購物中心,https://www.069275113.com.tw/collections/all,https://imgur.com/6S1bnWg,https://goo.gl/maps/Zwkhke7RuzF46aNc8
澎湖 朝陽路肉圓,https://travelph880.pixnet.net/blog/post/151952142,https://imgur.com/2aEbYB6,https://goo.gl/maps/tSuKgvEqUADZzimn8
鮮食堂海鮮蒸鍋,https://aniseblog.tw/190429,https://imgur.com/eecZMQ3,https://goo.gl/maps/kqrPD7zJ3WncufBB6
純意居蔬食超市,https://taiwan.sharelife.tw/article_aid-18599.html,https://imgur.com/Xc89ejq,https://goo.gl/maps/UUsEThMMqkAQMUUa8
芳遠水果行,https://penhu.net/9273528/index.html,https://imgur.com/LoCHW5i,https://goo.gl/maps/Tfy2kwC2rnbvraXa7
瑞師父海菜煎餅,https://qqhair.tw/masterray/,https://imgur.com/qc9Ir3s,https://goo.gl/maps/bkekpxd7sUVwjTQS7
富勝食品企業行,https://www.funpenghu.com.tw/bagogo/,https://imgur.com/fcAExdd,https://goo.gl/maps/1i81AwxHvBXFVLCZA
大口香雞排,https://gn10202000.pixnet.net/blog/post/364172318-%E6%BE%8E%E6%B9%96-%E9%A6%AC%E5%85%AC%E5%B8%82-%E8%8F%8A%E5%B3%B6%E6%97%85%E8%A1%8C-%E5%A4%A7%E5%8F%A3%E9%A6%99%E9%9B%9E%E6%8E%92,https://imgur.com/bmn5C2e,https://goo.gl/maps/GeZYVpFccTipHZnD7
原豆工坊咖啡專賣店,https://taiwan.sharelife.tw/article_aid-11061.html,https://imgur.com/DY45B0B,https://goo.gl/maps/iKCrW3wadkPw34Wk8
吳家小館,https://serena54172000.pixnet.net/blog/post/352963574-%E2%96%8C%E6%BE%8E%E6%B9%96%E5%BF%85%E5%90%83%E7%BE%8E%E9%A3%9F-%E2%96%8C%E2%9D%A4%EF%B8%8F%E5%90%B3%E5%AE%B6%E5%B0%8F%E9%A4%A8-%E5%8C%97%E7%92%B0%E8%A5%BF%E5%B6%BC%E7%B7%9A,https://imgur.com/6gHXYbD,https://goo.gl/maps/qPUBotGKrFuBCjPP8
某個角落,https://blog.xuite.net/penghu.dialy/blog/480964998,https://imgur.com/pBr7Gag,https://goo.gl/maps/SsTPuzbLabxk8pTg9
清心飲食店,https://lyes.tw/blog/post/33315135-%E6%B8%85%E5%BF%83%E9%A3%B2%E9%A3%9F%E5%BA%97,https://imgur.com/krBqKfR,https://goo.gl/maps/f4hQikcd7feHPjyN8
蒙地卡羅咖啡館,https://wings30222.pixnet.net/blog/post/230108038-%E0%AD%A8%E0%AD%A7%E9%A3%9F%E8%A8%98-%E6%BE%8E%E6%B9%96%E9%A6%AC%E5%85%AC-%E8%92%99%E5%9C%B0%E5%8D%A1%E7%BE%85%E5%92%96%E5%95%A1%E9%A4%A8%EF%BC%8E%E6%87%B7%E8%88%8A%E9%A2%A8,https://imgur.com/LxpROj4,https://goo.gl/maps/NKEj9i9P6f8RjhdN9
小螞蟻牛排,https://skrcat.com/ant-steak/,https://imgur.com/UD6BgV7,https://goo.gl/maps/FDAvBE8jYLUGGqg89
白灣景觀餐廳,https://fullfenblog.tw/ceruleanbay/,https://imgur.com/fveytx0,https://goo.gl/maps/b4f8XVo6Kd4Y5VVb9
愛家好朋友素食屋,https://grasschne.pixnet.net/blog/post/324119983-%E3%80%90%E6%BE%8E%E6%B9%96%E7%B4%A0%E9%A3%9F%E3%80%91%E5%A5%BD%E6%9C%8B%E5%8F%8B%E6%84%9B%E5%AE%B6%E7%B4%A0%E9%A3%9F%E5%B1%8B,https://imgur.com/w7ugBse,https://goo.gl/maps/MQrJMbEPRgkyPJj5A
老餅新料蔥油餅,https://www.facebook.com/people/%E8%80%81%E9%A4%85%E6%96%B0%E6%96%99%E8%94%A5%E6%B2%B9%E9%A4%85/100063900316667/,https://imgur.com/sApYHtn,https://goo.gl/maps/Kcoq6AXvM9NSuaVS6
霸味薑母鴨,https://hm70322.pixnet.net/blog/post/304990107,https://imgur.com/N0f6dYV,https://goo.gl/maps/49X7EzBYWgV41w8y5
佶肯美式漢堡炸雞,https://www.facebook.com/GkHamburger/,https://imgur.com/bbpcVTi,https://goo.gl/maps/z6y9ZS71Hhtwk45H6
外垵福氣刈包,https://realplay.tw/42008/%E7%A6%8F%E6%B0%A3%E6%97%A9%E9%A4%90%E5%BA%97%E5%A4%96%E5%9E%B5%E5%88%88%E5%8C%85/,https://imgur.com/ZhEN8au,https://goo.gl/maps/3TNJ7zQZEEy5D6Y57
我們是望安CAFE,https://blog.xuite.net/towa800/235a/135223305,https://imgur.com/Yk9Gqj7,https://g.page/wangancafe?share
沐一日式豬排專賣店,https://y00.tw/muyi-pork/,https://imgur.com/RLr7jCB,https://goo.gl/maps/gUViQNmryh248TbKA
好享吃小火鍋,https://zh-tw.facebook.com/pages/category/Interest/1597634750534646/,https://imgur.com/uDWciPk,https://goo.gl/maps/T6f3gPGEo35BEX9H6
三ㄚ店&潮style,https://zh-tw.facebook.com/sanyadian1978/,https://imgur.com/plnijtY,https://goo.gl/maps/u2qtke1yJPd12j2o8
桃太郎日式料理,https://today.line.me/tw/v2/article/P5KzX7,https://imgur.com/J2c82v4,https://goo.gl/maps/6Co1j3vnfbixPuWR8
澎湖伯伴手禮坊,https://www.fusan.tw/,https://imgur.com/PmZ30eU,https://goo.gl/maps/oJxUTagPE1Gwp2ns6
六六八餐廳,https://www.bobblog.tw/penghu-668-restaurant/,https://imgur.com/wxgGKpa,https://goo.gl/maps/sDU6cUY56PVXK6RU8
海玩子雞蛋糕,https://huablog.tw/ph-oceancake/,https://imgur.com/skzjX6l,https://goo.gl/maps/u5Ftn18woyP3tJFK8
海口峰海產行,https://www.higofeng.com/,https://imgur.com/OLFFY4R,https://goo.gl/maps/Sq7qKo3SmRxh6rYK8
新巴適經典麻辣鍋,https://tiyama.tw/basihotpot/,https://imgur.com/3C7TyZs,https://g.page/basiclassichotpotph?share
品川元麻辣串串,https://www.facebook.com/pages/category/Restaurant/109636798218993/,https://imgur.com/Xja4TCA,https://goo.gl/maps/1yamdbWp6kwQ2k898
拾捌度C鮮果茶飲站,https://zh-tw.facebook.com/pages/category/Food---Beverage-Company/1686678284918433/,https://imgur.com/nXWpKle,https://goo.gl/maps/dt9Njeh76BU8aKHH9
石滬廣場站,https://yunhoney2013.pixnet.net/blog/post/231416606-%E6%BE%8E%E6%B9%96%E9%A6%AC%E5%85%AC%E6%B8%AF~%E7%9F%B3%E6%BB%AC%E5%BB%A3%E5%A0%B4,https://imgur.com/cd5Nd2X,https://goo.gl/maps/WdSzDYWb1m7YLRJP7
曬食光餐飲店,https://m.facebook.com/sunny.time.penghu/photos/pcb.179448214376145/179447451042888/,https://imgur.com/H7r4MOU,https://goo.gl/maps/a6XLBpbxR7jtJ93JA
駱哥港式點心,https://taiwan.sharelife.tw/article_aid-7757.html,https://imgur.com/l2TgITd,https://goo.gl/maps/dTuJfiVGPDsnDoJd6
澎漁宴餐廳,https://aniseblog.tw/243486,https://imgur.com/rgjm5Ey,https://goo.gl/maps/HC5wFDJDamL7FWj56
呷飽飽燒烤屋,https://permio1.com/jia-bao-bao/,https://imgur.com/vCa01eR,https://g.page/20181031baobao?share
自由塔,https://zh.m.wikipedia.org/zh-tw/%E8%87%AA%E7%94%B1%E5%A1%94_(%E6%BE%8E%E6%B9%96),https://imgur.com/6Vi74jo,https://goo.gl/maps/jGUfrMA1VNKZUazV8
四季肉圓專賣店,https://stancy.tw/pearl/,https://imgur.com/kW44lF1,https://goo.gl/maps/Qt2FPnES1t3Q5628A
回鄉餐館-(義大利麵 濃湯 炒飯 便當),https://bistro-468.business.site/,https://imgur.com/afIZ0Zj,https://goo.gl/maps/HvokJ9yPzDtEChMf6
Mr.大雞,https://www.facebook.com/people/Mr%E5%A4%A7%E9%9B%9E/100057226668721/,https://imgur.com/GxHaVlM,https://goo.gl/maps/8YLV4RJ2hZTKbG5h7
澎湖樂晨早午餐,https://www.instagram.com/happy_morning_kao_family/,https://imgur.com/wZNRFcq,https://goo.gl/maps/GiTtcCkDeo4VUAgA9
花菜幹,http://dreampudding.pixnet.net/blog/post/44131593,https://imgur.com/yCJHaC2,https://goo.gl/maps/WkrViQWTrjWtLqQK6
秋喜肉蛋吐司,https://www.facebook.com/FoodieEmilie/posts/%E6%BE%8E%E6%B9%96-%E9%A6%AC%E5%85%AC%E7%A7%8B%E5%96%9C%E8%82%89%E8%9B%8B%E5%90%90%E5%8F%B8-%EF%B8%8F%E9%AE%AA%E9%AD%9A%E8%9B%8B%E9%A4%85%E5%8A%A0%E8%B5%B7%E5%8F%B8-ntd65%E6%BE%8E%E6%B9%96%E6%96%B0%E9%96%8B%E7%9A%84%E6%97%A9%E9%A4%90%E5%BA%97%E6%8F%90%E4%BE%9B%E5%85%A7%E7%94%A8%E5%BA%A7%E4%BD%8D%E7%A9%BA%E9%96%93%E4%B8%8D%E5%A4%A7%E7%B4%846%E5%B8%AD%E5%B7%A6%E5%8F%B3%E8%9B%8B%E9%A4%85%E7%9A%84%E9%A4%85%E7%9A%AE%E5%83%8F%E6%A5%B5%E9%A4%85%E4%B9%BE%E8%88%AC%E7%9A%84%E9%85%A5%E8%84%86%E6%98%AF%E6%9C%89%E5%B1%A4%E6%AC%A1%E7%9A%84%E9%A4%85%E7%9A%AE%E6%9C%AC%E4%BE%86%E6%83%B3%E5%8A%A0%E9%BB%9E%E8%82%89%E8%9B%8B%E5%90%90%E5%8F%B8%E4%B8%8D%E9%81%8E/1780549575472370/,https://imgur.com/yWoplYe,https://goo.gl/maps/mzFstDgwJEyh2cDPA
日香美食坊歡迎您～,https://www.alberthsieh.com/199/%E6%BE%8E%E6%B9%96%E9%A6%AC%E5%85%AC%E6%97%A5%E9%A6%99%E7%BE%8E%E9%A3%9F%E5%9D%8A,https://imgur.com/YbNf3K7,https://goo.gl/maps/AHytMRQ6R6fbAoun7
跨海大橋(西嶼端),https://www.travelking.com.tw/tourguide/scenery172.html,https://imgur.com/jC58NFd,https://goo.gl/maps/9Yt5xZpEUMmq7ihs9
巴適麻辣鍋,https://itainan.com.tw/basihotpot2022/,https://imgur.com/iIcTife,https://goo.gl/maps/8QbA9TSmbp9DsPD18
典醬家,https://www.0800888699.com.tw/,https://imgur.com/MGwaW5p,https://goo.gl/maps/j2mSY8VFFcHgRNYZ7
小和食光輕食館,https://www.facebook.com/xhcafe/,https://imgur.com/wyReEt0,https://goo.gl/maps/xSdywfQceHCDKode9
二崁聚落站,https://boo2k.com/archives/390,https://imgur.com/QDpSffw,https://goo.gl/maps/2C1Cbrq62TUCWf6r6
紫光複合式餐飲,https://vivawei.tw/2013-06-02-28/,https://imgur.com/rrCpCng,https://goo.gl/maps/HHoRk15MaP36rtsy5
登峰藝品行(登峰特產行),https://mapio.net/pic/p-8370327/,https://imgur.com/5ZKVYgX,https://goo.gl/maps/CRK6DqHzgG8dB1DHA
萊客帕冰品Like Par Par,https://today.line.me/tw/v2/article/1DgZq0m,https://imgur.com/IgCRTGG,https://g.page/like-par-par?share
麗洋手作蛋糕,https://www.liyangcake.tw/,https://imgur.com/I3d756R,https://goo.gl/maps/7Pcrjoi3Lbxz3AQ4A
懶人披薩雞排,https://today.line.me/tw/v2/article/1DY78J9,https://imgur.com/9r9QDmt,https://goo.gl/maps/sVL7eo331Tmixxw79
小小間,https://www.life.isdesigner.net/ssj/,https://imgur.com/63ENfSV,https://goo.gl/maps/pBFURKqXJoGq3pPE9
飛特潛艦Victor Johni’R,https://ne-np.facebook.com/people/%E9%A3%9B%E7%89%B9%E6%BD%9B%E8%89%A6Victor-Johni-R/100075715576894/,https://imgur.com/pvuGgtU,https://goo.gl/maps/Q78RjY8hgpXygEKn9
菲菲檸檬,https://journey.tw/fei-fei-lemon/,https://imgur.com/fq7Rjz6,https://goo.gl/maps/fiaPeCt4rGK9bDKRA
真鮮味小吃部,https://chyfun.com/freshtaste-penghu/,https://imgur.com/LA98TOp,https://goo.gl/maps/6ce8ZMEpDpd6jKPF7
阿鳳牛肉河粉,https://mimicat1531.pixnet.net/blog/post/45465623-[%E6%BE%8E%E6%B9%96]-%E7%95%B0%E5%9C%8B%E7%BE%8E%E5%91%B3%E6%96%99%E7%90%86-%E9%98%BF%E9%B3%B3%E8%B6%8A%E5%8D%97%E6%B2%B3%E7%B2%89,https://imgur.com/oFGFkjB,https://goo.gl/maps/DeE5UhXqnpDTSHYj8
鯨 鯊威瑪,https://www.facebook.com/pages/category/Food-Stand/%E9%AF%A8-%E9%AF%8A%E5%A8%81%E7%91%AA-122407829631825/,https://imgur.com/dddkbfR,https://g.page/whalesharwarma?share
金醬府,https://fashionmom.tw/jin-jiang-fu/,https://imgur.com/lFKBo6M,https://g.page/jin_jiang_fu?share
澎湖甘草芭樂,https://realplay.tw/41739/%E6%BE%8E%E6%B9%96%E5%85%83%E6%B0%A3%E6%AA%B8%E6%AA%AC%E7%94%98%E8%8D%89%E8%8A%AD%E6%A8%82/,https://imgur.com/Sqs6YYI,https://goo.gl/maps/jwxZzPqDnufd9Ds46
ㄇㄇ的臭豆腐,https://travelerlucine.pixnet.net/blog/post/56809339-%E6%B7%A1%E5%AD%A3%E7%9A%84%E6%BE%8E%E6%B9%96%E4%B8%89%E5%A4%A9%E5%85%A9%E5%A4%9Cday3%EF%BC%8D%E9%90%98%E8%A8%98%E7%87%92%E9%A4%85-%E7%9B%8A%E8%B1%90%E8%B1%86%E6%BC%BF-?utm_source=PIXNET&utm_medium=Hashtag_article,https://imgur.com/dB1Q545,https://goo.gl/maps/EAk47ujbXYQa2JKS9
台灣大餅早午餐,https://taiwan.sharelife.tw/article_aid-8568.html,https://imgur.com/kfpcKGa,https://goo.gl/maps/fD6WqjW9bPW25Qmr7
媽宮食品工廠,https://feliz.tw/penghu8/,https://imgur.com/F1gv85X,https://goo.gl/maps/f6bsNd7DMS2nru4Z6
萬泰食品,https://www.9279149.com.tw/,https://imgur.com/Hxe5OSj,https://goo.gl/maps/N2zG3LERHB3Nw8xU7
源利軒黑糖糕老店,http://www.blackcake.com.tw/,https://imgur.com/1Zj4unx,https://goo.gl/maps/aLVHRH7fZLi4dYD9A
達咖啡,https://ihungrybear.com/restaurants/7QB6nbm/,https://imgur.com/BV7FnNr,https://goo.gl/maps/G6gauezxKiAKBEH89
菊楓食堂日式料理,https://skrcat.com/ju-feng/,https://imgur.com/imgGtfY,https://goo.gl/maps/txUWsDZQfwDJNBUp9
菊島石齋,https://zh-tw.facebook.com/pages/category/Interest/%E8%8F%8A%E5%B3%B6%E7%9F%B3%E9%BD%8B-694128273942306/,https://imgur.com/ICmQ62O,https://goo.gl/maps/p4ks9uH2WMHCLefYA
多那之澎湖店,https://donutes.com.tw/store/%E6%BE%8E%E6%B9%96%E9%A6%AC%E5%85%AC/,https://imgur.com/47Dqjg3,https://goo.gl/maps/PtE8KUTPEjeSS4xu9
憲作食品商行喜歡義式霜淇淋的你,https://www.lohas-go.com.tw/lohasgo/index.php?action=brands_detail&br_uid=1606&web_lang=zh-tw,https://imgur.com/uPD34I1,https://goo.gl/maps/wKFjaDJYowzsCv3o9
京典小吃部,https://monicaleecat.pixnet.net/blog/post/324416926-%2A%E3%80%90%E6%BE%8E%E6%B9%96%E6%B5%B7%E9%AE%AE%E6%8E%A8%E8%96%A6%E3%80%91%E9%A6%AC%E5%85%AC%E6%B8%AF%E6%97%81%E3%80%90%E4%BA%AC%E5%85%B8%E7%B2%B5%E8%8F%9C%E6%B5%B7%E9%AE%AE,https://imgur.com/53n3B9z,https://goo.gl/maps/xFrmHULPi2up8fTLA
本家食堂日式料理,https://dong1104.pixnet.net/blog/post/47252802-%E3%80%90%E6%BE%8E%E6%B9%96%E6%97%A5%E6%9C%AC%E6%96%99%E7%90%86%E6%8E%A8%E8%96%A6%E3%80%91%E6%97%A5%E5%BC%8F%E4%B8%BC%E9%A3%AF-%E5%AE%B6%E5%BA%AD%E8%A4%87%E5%90%88%E5%BC%8F,https://imgur.com/x5DJ76V,https://goo.gl/maps/5hHjNgu5NhKykxPu9
High wave pizza,https://www.facebook.com/people/High-Wave-Pizza/100064232644088/,https://imgur.com/LGsLMvw,https://goo.gl/maps/PQNsWJvL8ATs3MS8A
Bella調酒專賣店,https://www.mecocute.com/bella/,https://imgur.com/Fkst76L,https://g.page/cocktailbar-bella?share
滷底撈-澎湖店,https://zh-tw.facebook.com/pages/category/Restaurant/200855633588920/,https://imgur.com/AH9IMXU,https://goo.gl/maps/Yuino8d6CD2Zbj7u6
14巷復刻飛鏢餐館,https://www.instagram.com/14lane_bar/,https://imgur.com/ieDVsW1,https://goo.gl/maps/dfyBuUATKTsVm6V96
吹蚵仔的海鮮小吃,https://daybydayhahaha.pixnet.net/blog/post/324254494,https://imgur.com/XY4f5CX,https://goo.gl/maps/5qzBrPomeSBKsm23A
無名麵食館,https://today.line.me/tw/v2/article/kEkaorL,https://imgur.com/GX9w2fS,https://goo.gl/maps/qwemgvwYTgdseBMq7
信興海產行滿500元送餅乾一包,https://smilevivi.com/snsg/,https://imgur.com/dvJ7Kl7,https://goo.gl/maps/rnKt3H8P6neAdvwx6
小林包子饅頭店,https://blog.xuite.net/happykelin/wretch/117636985,https://imgur.com/xQ4yzND,https://goo.gl/maps/oyNjPeAmK1Nz5Gxc7
金海集,https://www.069264102.com.tw/,https://imgur.com/Hgj804f,https://goo.gl/maps/PK5PfV8dLnpzSXji9
小蘑菇義大利麵,https://www.facebook.com/mogu.pasta.penghu.taiwan,https://imgur.com/HR2Q0l8,https://g.page/baby-mushroom168?share
海貝創意工作室,https://zh-tw.facebook.com/seashell.penghu/,https://imgur.com/6odmCoy,https://goo.gl/maps/tKCwoxZdtB437oew7
五鮮上醬海產專賣,https://www.funpenghu.com.tw/fivefresh/,https://imgur.com/Srr38bu,https://goo.gl/maps/vcWqNne4z6MRxUoG8
WENWENSUB,https://www.facebook.com/WENWENSUB/,https://imgur.com/eByfFJY,https://goo.gl/maps/joaFp5HxyQE6JX9x9
海島海產大賣場,https://www.iphtravel.com.tw/2018/10/IslandSeafoodMarket.html,https://imgur.com/dbAcKdh,https://goo.gl/maps/Awr9MNBxnLt4owQ57
曾記滿福堂擔仔麵,https://ping01ching02.pixnet.net/blog/post/219225545-%E3%80%90%E6%BE%8E%E6%B9%96%E9%A6%AC%E5%85%AC%E5%B8%82%E3%80%91%E6%9B%BE%E8%A8%98%E6%BB%BF%E7%A6%8F%E5%A0%82%E6%93%94%E4%BB%94%E9%BA%B5%EF%BD%9E%E5%82%B3%E7%B5%B1%E5%8F%A4%E6%97%A9,https://imgur.com/PnDNQVO,https://goo.gl/maps/TRvMkwtXx6GCDnbA9
味真香新港鴨肉羹臭豆腐,https://taiwan.sharelife.tw/article_aid-18595.html,https://imgur.com/Yl9hqCN,https://g.page/ck568888?share
美德西點麵包店,https://zh-tw.facebook.com/mindy7430/,https://imgur.com/itDHxsF,https://goo.gl/maps/HPYBDcfRykH6MxqE7
金港黑砂糖剉冰-澎湖店,https://www.facebook.com/Blacksugarice0329,https://imgur.com/sDqIF39,https://g.page/Blacksugarice0329?share
禦私藏鮮奶茶專賣店（澎湖店）,https://www.popdaily.com.tw/place/212616,https://imgur.com/FxDlz52,https://goo.gl/maps/AgqzouBGbpvZ3che8
嚐香聚牛肉麵,https://taiwan.sharelife.tw/article_aid-14106.html,https://imgur.com/FnZdW2n,https://goo.gl/maps/iDBa3Gq9d7EXDZCF6
世軒西點麵包????,http://gastro.tw/places/shi-xuan-xi-dian-mian-bao,https://imgur.com/ru5XHqQ,https://goo.gl/maps/6Sfy9qg4WTkKxxT37
峰鮮宴隱市食堂,https://penghugirl.pixnet.net/blog/post/59578156-%E3%80%90%E6%BE%8E%E6%B9%96%E7%BE%8E%E9%A3%9F%E3%80%91%E5%B3%B0%E9%AE%AE%E5%AE%B4%EF%BC%8C%E5%A4%A7%E9%9A%B1%E9%9A%B1%E6%96%BC%E5%B8%82%EF%BD%9C%E6%96%87%E6%BE%B3%E5%B8%82%E5%A0%B4,https://imgur.com/ZKVNpaQ,https://goo.gl/maps/Bg8GfgrmPMKCxpjH6
海功商號(波霸花枝丸、月亮蝦餅、當季海鮮宅配),https://ihungrybear.com/restaurants/D82RRR7/,https://imgur.com/iw4RVNA,https://g.page/Penghuhi?share
弗洛伊得飲酒店,https://data.zhupiter.com/oddt/9458270/%E5%BC%97%E6%B4%9B%E4%BC%8A%E5%BE%97%E9%A3%B2%E9%85%92%E5%BA%97/,https://imgur.com/JeYgXfn,https://goo.gl/maps/HpCHURXPxsh4mPKA9
洛克先生酒吧,https://blog.udn.com/barbqdavid/82326934,https://imgur.com/s4hjlSZ,https://goo.gl/maps/zmxi7ELwXkAsDfQb8
皮克吐司,https://garyoba.com/pick-toast-penghu,https://imgur.com/ot3M0CQ,https://g.page/Pick-Toast-Penghu-Taiwan?share
掌上明珠,https://zh-tw.facebook.com/penghucactusicecream/,https://imgur.com/BbU1FhB,https://goo.gl/maps/Hqkgb98Zu4ojGiFn9
岩質咖啡,https://www.facebook.com/%E5%B2%A9%E8%B3%AA%E5%92%96%E5%95%A1%E9%A3%9F%E9%A4%A8-370737593532814/,https://imgur.com/dBBnL5g,https://goo.gl/maps/D1LwN9AKamhmv3wt8
秀秀蔥大餅,https://www.facebook.com/showdabing,https://imgur.com/fVC9jwc,https://goo.gl/maps/sUxZcw9j37xMiK4AA
邁泰MAI TAI THAI TEA,https://huablog.tw/tag/%E9%82%81%E6%B3%B0mai-tai-thai-tea-house/,https://imgur.com/FHneGv8,https://goo.gl/maps/D5n3AMqr4vcnwY8x9
歡迎來到新光堂（新光堂特產行）,https://travel.penghu.gov.tw/penghu/index.php?action=product_detail&prod_no=P0000100000486,https://imgur.com/uMGt3H7,https://goo.gl/maps/cDPGf34aa71NtBMq9
熊掌心健康果茶,https://hi-in.facebook.com/watch/107950285051942/,https://imgur.com/DXrMRsx,https://goo.gl/maps/pW92pYKA3ya6jF8Z8
恐龍炭烤饅頭,https://huablog.tw/dinosaur/,https://imgur.com/CgjS7Ps,https://goo.gl/maps/QLia1W8XeaNTqcni9
奶油蝴蝶烘焙坊,https://dong1104.pixnet.net/blog/post/47252835-%E3%80%90%E6%BE%8E%E6%B9%96%E7%BE%A9%E5%A4%A7%E5%88%A9%E9%BA%B5%E6%8E%A8%E8%96%A6%E3%80%91%E7%BE%8E%E5%91%B3%E6%BE%8E%E6%B9%96%E7%88%86%E6%B1%81%E5%B0%8F%E7%AE%A1-%E7%99%BD,https://imgur.com/bEvab3F,https://goo.gl/maps/AWYiMLAZfqCorJgU7
三多燒肉飯,https://sunyat.pixnet.net/blog/post/64978444,https://imgur.com/UwPSLPj,https://goo.gl/maps/rmu9uC66oRea59EfA
有間小廚,https://ms-my.facebook.com/pages/category/Restaurant/106015131873890/,,https://goo.gl/maps/LBunWCvYRXDHNZsn8
找食間,https://www.walkerland.com.tw/article/view/138027,https://imgur.com/QTjNonX,https://goo.gl/maps/JpbCPoZMv4e2BBoh8
赤崁海產行,https://haofresh.fami.life/000617/index.php?action=about,https://imgur.com/iomlrEJ,https://goo.gl/maps/DLpie2DuSrjPLuZc9
臭臉大叔?烤甜圈,https://imccp.com/ph-uncledonut/,https://imgur.com/amdi3Ik,https://goo.gl/maps/evhCVZMpabDjwcXo8
海森海聲,https://www.facebook.com/Heresocean/,https://imgur.com/tndq28E,https://goo.gl/maps/Mq4GvKSNbwvZAegs6
美味登場飯麵館,https://www.facebook.com/%E7%BE%8E%E5%91%B3%E7%99%BB%E5%A0%B4-103207291983369/,https://imgur.com/KU4CFHp,https://goo.gl/maps/DLNzrM6aErHEfW9Q9
希望天地珊瑚珍珠,https://l50740.pixnet.net/blog/post/40983261,https://imgur.com/wNmCCDW,https://goo.gl/maps/XCBroApBr4FxMfxF8
福鴨鴨肉大王,https://beheap.pixnet.net/blog/post/32535688-%E3%80%90%E6%BE%8E%E6%B9%96%E9%A6%AC%E5%85%AC%E7%BE%8E%E9%A3%9F%E6%8E%A8%E8%96%A6%E3%80%91%E7%A6%8F%E9%B4%A8%E9%B4%A8%E8%82%89%E5%A4%A7%E7%8E%8B-%E5%86%B7%E6%B0%A3%E8%B6%85,https://imgur.com/23khvuP,https://goo.gl/maps/pNsUCcECZdTVPTk18
小熊與樹小熊燒馬公店,http://www.bearmina.com/,https://imgur.com/7v6xZ60,https://goo.gl/maps/mzQvE2DAx1JbyZ7n7
澎湖海洋地質公園中心(1F),https://chyfun.com/penghu-marine-geopark/,https://imgur.com/I3b0ndn,https://goo.gl/maps/oTguoQLUQtyW2JCe7
好吃的黑糖糕就在水月堂食品行～,https://cpok.tw/23406,https://imgur.com/t4uoSSQ,https://goo.gl/maps/cN3KxCYbhLSHqnCf7
秋禾家和風創意料理,http://beryl1128.pixnet.net/blog/post/213072472,https://imgur.com/KHkPFCp,https://goo.gl/maps/vdrd8qf9rDkUHtEYA
四方早餐店,http://datagovtw.com/faden.php?id=X-200005263-00001-9,https://imgur.com/TfVXUi9,https://goo.gl/maps/Wmeak2itbz9GJc8r5
提樂茶飲專賣店,https://www.facebook.com/TeaLove2013/,https://imgur.com/GB7rZxs,https://goo.gl/maps/DivFoy9c5zbtVnYn8
光和咖啡,https://www.popdaily.com.tw/forum/food/1148140,https://imgur.com/EITe281,https://g.page/kowacoffee2018?share
最愛小米甜甜圈,https://ihungrybear.com/restaurants/pxG6P1D/,https://imgur.com/dScWofw,https://goo.gl/maps/wYZMiUi3vbiwcwgn7
祥馨鮮鮮果舖,https://www.facebook.com/pages/category/Local-service/%E6%BE%8E%E6%B9%96-%E7%A5%A5%E9%A6%A8%E9%AE%AE%E9%AE%AE%E6%9E%9C%E8%88%96-215568295908615/,https://imgur.com/qGN7Fjj,https://goo.gl/maps/hzs6wGcQ6VzotLk99
玻玻飲食店,https://travel.penghu.gov.tw/penghu/index.php?action=product_detail&prod_no=P0000100000515,https://imgur.com/SusBO8u,https://goo.gl/maps/akYj6bQ8JsvM6xbL6
海城上湯鮮魚粥飯麵館,https://taiwan.sharelife.tw/article_aid-11349.html,https://imgur.com/PcGNBmW,https://g.page/PenghuHaicheng?share
清香活海鮮,https://juishanchang.pixnet.net/blog/post/101661064-%E3%80%8A%E9%81%8A%E8%A8%98%E2%80%94%E6%BE%8E%E6%B9%96%E3%80%8B%E8%8F%8A%E5%B3%B6%E8%A1%8Cday-2%E3%80%90%E6%B8%85%E9%A6%99%E6%B4%BB%E6%B5%B7%E9%AE%AE%E3%80%91,https://imgur.com/WJadO2R,https://goo.gl/maps/hdcw5Jt1v1ybiSRJ7
冰吧豆花店 打卡送配料~~,https://travel.penghu.gov.tw/penghu/index.php?action=product_detail&prod_no=P0000100000497,https://imgur.com/XoQeKWL,https://goo.gl/maps/ZhAWwCpnLfviUmcD8
澎湖海洋地質公園中心,https://chyfun.com/penghu-marine-geopark/,https://imgur.com/rRNt7M1,https://goo.gl/maps/Y7oA19mK4mpbJmSQ8
信誼海產,https://food.iwiki.tw/info/213090,https://imgur.com/iK8lvTb,https://goo.gl/maps/KVUEu3Foma31Mxjk7
趴兔PART TWO茶坊,https://www.facebook.com/PART-TWO%E8%8C%B6%E5%9D%8A-1522797961072794/,https://imgur.com/D60RLyS,https://goo.gl/maps/4RWY7Ncs6tmM63HbA
榕徽嬤?吃吃喝喝,https://www.facebook.com/pages/category/Shopping---retail/%E6%A6%95%E5%BE%BD%E5%AC%A4%E3%81%AE%E5%90%83%E5%90%83%E5%96%9D%E5%96%9D-108151768007250/,https://imgur.com/UzI4A2f,https://goo.gl/maps/rNtzxh9s4SEX5ENJ9
O le pain 喔！麵包,https://zh-tw.facebook.com/pages/category/Wholesale-Bakery/O-le-pain-%E5%96%94%E9%BA%B5%E5%8C%85-688118044540794/,https://imgur.com/oanEShc,https://goo.gl/maps/sRd9XSo8KkTvXaPz8
馬路益燒肉飯,https://anrine910070.pixnet.net/blog/post/230743525-%E3%80%90%E6%BE%8E%E6%B9%96%E7%BE%8E%E9%A3%9F%E3%80%91%E9%A6%AC%E8%B7%AF%E7%9B%8A%E7%87%92%E8%82%89%E9%A3%AF%E6%BB%B7%E8%82%89%E9%A3%AF%EF%BC%9A%E8%8F%9C%E5%96%AE%E5%BF%85%E9%BB%9E,https://imgur.com/FLezMGl,https://g.page/Ma-Lu-E-Penghu?share
鑫億海產行 (頂級幹貝醬&名產),http://9270321.com/,https://imgur.com/r9vPKm6,https://goo.gl/maps/db4r2DoguzUJsaRG7
欣欣麵食館,https://twpig.iwiki.tw/tag/%E6%AC%A3%E6%AC%A3%E9%BA%B5%E9%A3%9F%E9%A4%A8%E6%BE%8E%E6%B9%96/,https://imgur.com/d7F3rgP,https://goo.gl/maps/ZrLriJ58YASY9qRX8
媽宮海產行到了！,http://www.magung.com.tw/,https://imgur.com/8UsXZdb,https://goo.gl/maps/w4hEf1ehTKyd7fAcA
紐西蘭牛排館,https://pedrowu99.pixnet.net/blog/post/49798482-%5B%E6%BE%8E%E6%B9%96%E7%BE%8E%E9%A3%9F%5D%5B%E9%A6%AC%E5%85%AC%E5%B8%82%5D-%E7%B4%90%E8%A5%BF%E8%98%AD%E7%89%9B%E6%8E%92%E9%A4%A8%EF%BC%88%E6%BE%8E%E6%B9%96%E5%BA%97%EF%BC%89%28,https://imgur.com/T2oTM4J,https://goo.gl/maps/3MWyDzesi6iwt5o18
抓包．馬公分店,https://ihungrybear.com/restaurants/p1bzRL7/,https://imgur.com/a6Ffjcf,https://goo.gl/maps/UMM6J1Gq5i7chmFr7
招柴莉莉,https://www.facebook.com/%E6%8B%9B%E6%9F%B4%E8%8E%89%E8%8E%89-111944130380884/,https://imgur.com/Pmw7qfF,https://goo.gl/maps/6jTLori93eMKeZfs5
小門鯨魚洞站,https://journey.tw/whale-cave/,https://imgur.com/hnCFm5C,https://goo.gl/maps/J871r9Arr8pvTnDe8
青灣餐廳,https://may1215may.pixnet.net/blog/post/405330307,https://imgur.com/4nQFN7x,https://g.page/QW360?share
夯小管燒x雞蛋糕,https://m.facebook.com/%E5%A4%AF%E5%B0%8F%E7%AE%A1%E7%87%92%E9%9B%9E%E8%9B%8B%E7%B3%95-115600443231014/,https://imgur.com/MW5RysV,https://g.page/penghu_ck?share
郭家炒滷味,https://www.facebook.com/%E9%83%AD%E5%AE%B6%E7%82%92%E6%BB%B7%E5%91%B3-103618134694585/,https://imgur.com/OhRBAaZ,https://goo.gl/maps/2Z4WhbMf1VCtQwss7
阿姨仙人掌冰,https://zh-tw.facebook.com/AYiXianRenZhangBing/,https://imgur.com/Ck28nt3,https://goo.gl/maps/sJ5R4igCd5kid5Js8
184巷餐酒館,https://www.facebook.com/LANE184foodbeer,https://imgur.com/Z7R1YAz,https://g.page/184beer?share
澎湖景福祠,https://blog.xuite.net/penghu.dialy/blog/489031887,https://imgur.com/4Yr0Wec,https://goo.gl/maps/FNiqduxi31tj2zGe7
檸檬香茅火鍋澎湖店,https://dong1104.pixnet.net/blog/post/47262663-%E3%80%90%E6%BE%8E%E6%B9%96%E7%81%AB%E9%8D%8B%E6%8E%A8%E8%96%A6%E3%80%91%E6%BE%8E%E6%B9%96%E6%B5%B7%E6%99%AF%E9%A4%90%E5%BB%B3-%E6%BF%80%E6%8E%A8%E6%BC%81%E5%A4%AB%E6%B5%B7,https://imgur.com/rijv85B,https://goo.gl/maps/xdBBRy7dpVfiASD28
泉利餅舖,https://www.069272280.com/,https://imgur.com/sQDk9ma,https://goo.gl/maps/1Pfn5PqNQBDynTyY9
許媽媽小吃館,https://taiwantour.info/%E6%BE%8E%E6%B9%96%E7%BE%8E%E9%A3%9F%E6%8E%A8%E8%96%A6-%E6%96%B0%E9%AE%AE%E6%B5%B7%E5%91%B3%E5%AE%B6%E5%B8%B8%E8%8F%9C%E3%80%90%E8%A8%B1%E5%AA%BD%E5%AA%BD%E5%B0%8F%E5%90%83%E9%A4%A8%E3%80%91/,https://imgur.com/hFax4F6,https://goo.gl/maps/KRqnWcRY6j7drFkM6
龍門閉鎖陣地,https://longmen885.com.tw/signup/,https://imgur.com/8EiYnLm,https://goo.gl/maps/Q1h7HZJi9MUiMdPj8
源羊肉店,https://zh-tw.facebook.com/pages/category/Restaurant/186603184694273/,https://imgur.com/4FaVDGZ,https://goo.gl/maps/XrSwA8R5CW7gfxMV7
澎湖湯包王,https://www.facebook.com/people/%E6%BE%8E%E6%B9%96%E6%B9%AF%E5%8C%85%E7%8E%8B/100057558935110/,https://imgur.com/fETnr9J,https://goo.gl/maps/zikBWoRBpd5cpA748
津旺素食,http://grasschne.pixnet.net/blog/post/324124510-%E3%80%90%E6%BE%8E%E6%B9%96%E7%B4%A0%E9%A3%9F%E3%80%91%E5%A5%BD%E5%90%83%E7%9A%84%E6%B4%A5%E6%97%BA%E7%B4%A0%E9%A3%9F%E5%BA%97,https://imgur.com/8lXUBXC,https://goo.gl/maps/9mxNRrkxbTd9rpGR6
阿力香雞排-文山店,https://m.facebook.com/%E9%98%BF%E5%8A%9B%E9%A6%99%E9%9B%9E%E6%8E%92-%E6%96%87%E5%B1%B1%E5%BA%97-990111054383503/,https://imgur.com/YIlVe3O,https://goo.gl/maps/syQf6KrMYvREG22n7
小城故事庭園咖啡館,https://nancyik2001.pixnet.net/blog/post/231327535-%E3%80%90%E6%BE%8E%E6%B9%96%E3%80%91%E6%BE%8E%E6%B9%96%E7%BE%8E%E9%A3%9F-%E5%B0%8F%E5%9F%8E%E6%95%85%E4%BA%8B%E5%BA%AD%E5%9C%92%E5%92%96%E5%95%A1%E9%A4%A8--%E9%A6%AC%E5%85%AC,https://imgur.com/Yx2DqjQ,https://goo.gl/maps/SHZMWN263HQ7GsxK9
陰陽堂,https://zh.m.wikipedia.org/zh-tw/%E9%99%B0%E9%99%BD%E5%A0%82,https://imgur.com/dV34Jbe,https://goo.gl/maps/EG8pZZ3uaRmJuM4v9
二崁杏仁茶館,https://erkantea.avalonagency.co/,https://imgur.com/f8C2kpL,https://goo.gl/maps/7qHy4p1LWfsD6XGY9
家味健康素食,https://food.suiis.com/comm_photo_list.aspx?id=700059303,https://imgur.com/Z42eUJJ,https://goo.gl/maps/QG1UJYbJGhcAoVbN7
擄胃食堂,https://www.facebook.com/pages/category/Restaurant/%E6%93%84%E8%83%83%E9%A3%9F%E5%A0%82-106936397922191/,https://imgur.com/t4UtTda,https://goo.gl/maps/22zpBqMM9fQXViMw9
嶼人鍋物,https://yenliving.com/penghu-food-island-with-hotpot/,https://imgur.com/SNKOB1v,https://goo.gl/maps/u8SHxXMP6NirEJoz8
石泉火雞肉飯,https://zh-tw.facebook.com/pages/category/Product-Service/%E5%8D%97%E5%8F%B0%E7%81%A3%E5%9C%9F%E9%AD%A0%E9%AD%9A%E7%BE%B9%E7%9F%B3%E6%B3%89%E5%BA%97-353419128473466/,https://imgur.com/ZiwItcr,https://goo.gl/maps/8BQADDkZPBeaYUz88
楊媽媽韭菜盒,https://zh-tw.facebook.com/phmamayang/,https://imgur.com/uVaAst9,https://goo.gl/maps/PJVMWzdyEuMfVUvt5
西河食堂海鮮粥,https://shff.tw/xihetang/,https://imgur.com/CXcP2Ae,https://goo.gl/maps/UD9noSzGUdmUx9Yt8
聚鮮食堂,http://epenghu.com/portfolio/%E8%81%9A%E9%AE%AE/,https://imgur.com/jxoh2km,https://goo.gl/maps/wohDg1r77t6jsU8J8
青泉豆花,https://imccp.com/ph-qingquan/,https://imgur.com/3Xlas8U,https://goo.gl/maps/mRxJdpmoVSoDot4P8
澎南海產行,https://zh-tw.facebook.com/pages/category/Ethnic-Grocery-Store/%E6%BE%8E%E5%8D%97%E6%B5%B7%E7%94%A2%E8%A1%8C%E6%BE%8E%E6%B9%96%E5%8F%A4%E6%97%A9%E5%91%B3-316258951850850/,https://imgur.com/6lYmyHr,https://goo.gl/maps/3HWYuAgUDg86Dhaa9
龍門小吃部,https://travel.penghu.gov.tw/penghu/index.php?action=product_detail&prod_no=P0000100000557,https://imgur.com/o5OFRGb,https://goo.gl/maps/ASE1kSYsR55kQXaQ6
易家仙人掌冰,https://anrine910070.pixnet.net/blog/post/230823151-%E3%80%90%E6%BE%8E%E6%B9%96%E3%80%91%E6%98%93%E5%AE%B6%E4%BB%99%E4%BA%BA%E6%8E%8C%E5%86%B0%28%E8%8F%9C%E5%96%AE%29%EF%BC%9A%E4%BB%99%E4%BA%BA%E6%8E%8C%E5%86%B0%E5%A7%8B%E7%A5%96,https://imgur.com/WmYM6cu,https://goo.gl/maps/RyiMgC39HTokc1VH6
通樑古榕,https://www.travelking.com.tw/tourguide/scenery173.html,https://imgur.com/kLzUXHQ,https://goo.gl/maps/qSLSFV2gc3YSYxwi6
映咖啡 INN Coffee,https://skrcat.com/inn-cafe/,https://imgur.com/0ipNI2H,https://g.page/inncoffee0516?share
小正傢私店,https://zh-tw.facebook.com/pages/category/Furniture-Store/%E5%B0%8F%E6%AD%A3%E5%82%A2%E7%A7%81%E5%BA%97-157447167742784/,https://imgur.com/h3FgBH4,https://goo.gl/maps/dEHKwYRZh29S5Mrh9
七美小棧,https://m.facebook.com/profile.php?id=100057330764505,https://imgur.com/ZbE2mpb,https://goo.gl/maps/4bv4RNAnusR677nE8
文馨文石工坊,https://m.facebook.com/profile.php?id=100063891197508,https://imgur.com/La4gh5p,https://goo.gl/maps/WkA1ZG2DKkdsiqy68
啤酒海時尚熱炒,https://zh-tw.facebook.com/Blue9270070/,https://imgur.com/csHJk6c,https://g.page/Blue9270070?share
天人菊名產店,https://www.facebook.com/profile.php?id=100054366976969,https://imgur.com/V1jE3NW,https://goo.gl/maps/G7nGSYjEmE3WYs3a9
北寮奎壁山,https://blog.xinmedia.com/article/168148,https://imgur.com/vf82xs6,https://goo.gl/maps/LAtn75wFiew6mgW26
海島咖啡館,https://kelly051685.pixnet.net/blog/post/405174427-1026,https://imgur.com/MD8n7la,https://goo.gl/maps/Cquka78fwnazzDU19
家竹黑砂糖冷熱飲店,https://margaret.tw/jiazhu-ice-penghu/,https://imgur.com/cTLfsfU,https://goo.gl/maps/38zHhve84VXRa5V78
藍21咖啡輕食,https://zh-tw.facebook.com/BLUE21COFFEE,https://imgur.com/biEZe1X,https://goo.gl/maps/R9ay7NdSCFKqVw4BA
四面佛 泰善堂,https://www.facebook.com/pages/category/Regional-Website/%E6%BE%8E%E6%B9%96%E7%AC%AC%E4%B8%80%E5%AE%B6%E5%9B%9B%E9%9D%A2%E7%A5%9E%E6%B3%B0%E5%96%84%E5%A0%82%E5%8C%97%E8%BE%B0%E5%B8%82%E5%A0%B4%E5%85%A7-2546160828750096/,https://imgur.com/ibfUFr5,https://goo.gl/maps/h3vikiAKwDLJY5gw7
永翔海產專賣店,https://haofresh.fami.life/000503/,https://imgur.com/CXutOkC,https://goo.gl/maps/d2TH1yTYpzAEafVZ9
黑妞,https://zh-tw.facebook.com/heyniu.penghu,https://imgur.com/eWW4fwW,https://goo.gl/maps/wyxhvsCxq1D5Pz3Q9
林投貝殼教堂,https://travel.ettoday.net/article/1552744.htm,https://imgur.com/bBoOY6w,https://goo.gl/maps/ucdqKWdyUMrxMZ16A
雲泰小吃館,https://iamyiru.pixnet.net/blog/post/40982638-%5B%E5%90%83%40%E6%BE%8E%E6%B9%96%5D%E6%B3%B0%E5%BC%8F%E6%96%99%E7%90%86%E5%A5%BD%E6%BB%8B%E5%91%B3%40%E9%9B%B2%E6%B3%B0(%E9%9B%B2%E5%8D%97%E7%BE%8E%E9%A3%9F%2B%E6%B3%B0%E5%BC%8F,https://imgur.com/OgPruLY,https://goo.gl/maps/dV7ZXBATrsx7M1HC7
莫咖啡,https://www.facebook.com/PenghuQimeimorecoffee0412,https://imgur.com/oduXT4g,https://goo.gl/maps/hE9fgWUKCZkzkgZu7
皮諾霜淇淋專賣店,https://ifoodie.tw/restaurant/62b5651ebaf6d34af6bd7a84-Pino-Gelato-%E7%9A%AE%E8%AB%BE%E7%BE%A9%E5%BC%8F%E5%86%B0%E6%B7%87%E6%B7%8B%E5%B0%88,https://imgur.com/hvZZaCw,https://g.page/PinoGelato369?share
轟餅-黑仔旺旺車輪餅,https://daybydayhahaha.pixnet.net/blog/post/324247666,https://imgur.com/FEvPmog,https://goo.gl/maps/TvvUVi79yxfW52YS6
綺樂Chi Love 仙人掌彩虹霜淇淋,https://www.facebook.com/penghu43/,https://imgur.com/nHJVYsh,https://goo.gl/maps/TVKBtwZQ668gZCg49
遠東名產總匯,https://penghutravel.com/TravelInformationSceneryDetailC000000.aspx?Cond=cf756678-2926-45f8-8d58-b761e4431822&SortType=1&SearchAdvanced=False&Language=1028,https://imgur.com/8KqKVVi,https://goo.gl/maps/StMh44DCmxMM3Adj6
丁丁川菜海鮮館,https://zh-tw.facebook.com/EattingInPenghu/posts/%E6%BE%8E%E6%B9%96%E5%91%B7%E9%A3%BD%E5%91%B3%E4%B8%81%E4%B8%81%E5%B7%9D%E8%8F%9C%E6%B5%B7%E9%AE%AE%E9%A4%A8%E8%94%A5%E6%B2%B9%E9%A4%85-30%E6%B0%B4%E9%A4%8315%E9%A1%86-45%E9%85%B8%E8%BE%A3%E6%B9%AF%E4%B8%AD-50%E4%BA%AC%E9%86%AC%E8%82%89%E7%B5%B2-120%E6%9F%90%E5%A4%A9%E6%99%9A%E4%B8%8A%E6%95%A3%E6%AD%A5%E8%B7%AF%E9%81%8E%E5%BE%8C%E5%B0%B1%E5%B0%8D%E9%96%80%E5%8F%A3%E8%B2%BC%E7%9A%84%E8%94%A5%E6%B2%B9%E9%A4%85%E5%BF%B5%E5%BF%B5%E4%B8%8D%E5%BF%98%E6%8B%9C%E8%AB%8Bgoogle%E5%A4%A7%E7%A5%9E%E9%81%8E%E5%BE%8C%E7%99%BC%E7%8F%BE%E8%A9%95%E5%83%B9%E4%B8%8D/2012225262331270/,https://imgur.com/4N84qKn,https://goo.gl/maps/WBiYeGLsEFQspsc46
澎湖國家風景區,https://www.taiwan.net.tw/m1.aspx?sNo=0001125&id=486,https://imgur.com/s3OKkxp,https://goo.gl/maps/C2zFGhDR7DyDsvAM9
篤行十村,https://bunnyann.com/duxingcun/,https://imgur.com/VJ9BWVC,https://goo.gl/maps/diUbJKgPeuYTqwXe6
?男子漢鐵板料理,https://www.facebook.com/pages/category/Restaurant/%E7%94%B7%E5%AD%90%E6%BC%A2%E9%90%B5%E6%9D%BF%E6%96%99%E7%90%86-100112635045036/,https://imgur.com/x1NfI84,https://goo.gl/maps/GxfLQf4r1dHDJxpU7
秀鳳姐的店,https://www.walkerland.com.tw/article/view/275656,https://imgur.com/pdiaEeK,https://goo.gl/maps/cvEteaS4EFjCawzH7
福慶樓海鮮餐廳,https://taiwan.sharelife.tw/article_aid-17097.html,https://imgur.com/il1GOVB,https://goo.gl/maps/URqcm313BxaUCezH8
佳朋名產總匯,http://www.jpfp.com.tw/,https://imgur.com/qydHy16,https://goo.gl/maps/cZJ3RFkeBtxrw9eq9
